{
    "mean squared error": 47440149.836362265,
    "mean_absolute_error": 4610.290769469991,
    "r2_score": 0.877430081599195
}